trade_date,capital,AAPL_ratio,GOOGL_ratio,MSFT_ratio,AMZN_ratio,META_ratio,cash_ratio
2023-01-12,1.0,,,,,,
2023-01-13,0.9969773955399859,0.0017553162808543747,3.6288323897157463e-09,0.9964340228042177,1.4320898661063949e-06,0.001804362113207968,4.863083021419219e-06
2023-01-17,0.9963709578475486,0.5486743128442269,0.02273152144395622,5.728994044454219e-06,1.360459610741454e-09,0.4249612850144827,0.0036271503428301653
2023-01-18,0.9908363845043289,7.416596718446594e-11,5.230219828602037e-06,1.5963817359405248e-16,0.9999750954481982,1.9674197922686356e-05,5.988433932893021e-11
2023-01-19,0.9803129484605269,0.0043023783746122144,0.9956678933908072,1.1303781375420093e-05,1.84217198764434e-05,1.168765958047156e-09,1.5645628473532395e-09
2023-01-20,1.0247398291516014,2.3169565189697084e-08,0.044656284306254825,0.0005976732139012026,2.4483388191650568e-08,0.954745994826623,2.675564301778431e-13
2023-01-23,1.0551568683722736,0.00010328739199747849,3.6862944622825625e-11,0.00565303133613026,6.5075385204264884e-18,0.9942436811919058,4.310350786312709e-11
2023-01-24,1.0520727529236762,0.7741034938801846,0.047776655787901655,2.262267432952965e-09,4.3301807235028554e-07,0.17781924983918845,0.0003001652123855456
2023-01-25,1.0246089168271162,1.6440686798377863e-08,0.8435369843558268,2.0088743471728458e-07,7.519674950837532e-12,0.1564627982310091,7.752293774343632e-11
2023-01-26,1.0527908240259536,9.384102464437968e-16,1.507281628369209e-19,1.0878141685400377e-16,0.9999999999243661,7.56328136193154e-11,2.4530245204555734e-17
2023-01-27,1.0769058249514785,4.865827805193289e-17,2.766595228445107e-13,0.00026905887326477784,0.999730282870793,6.58255268019858e-07,3.973819762864731e-13
2023-01-30,1.0452316290249197,6.053141599933358e-18,2.2529862674262074e-07,1.9096571852520967e-17,0.9999997747013715,1.8760792807413037e-15,3.58459691893681e-18
2023-01-31,1.0683494308712416,5.941196634665363e-22,8.774277912541503e-07,8.160637548346007e-16,0.9999972057920531,1.9167786107865816e-06,1.5441737530536724e-12
2023-02-01,1.0926690951188838,3.384741731161596e-91,1.8442625032830807e-74,5.0092701148521235e-80,5.361211358614064e-89,1.0,4.557428091422831e-100
2023-02-02,1.246458428350795,0.9999565088183806,1.5647584453582177e-10,1.8639607959076376e-11,6.849629353289741e-23,4.3475821683284184e-05,1.5184820707248747e-08
2023-02-03,1.153933486043597,4.836219047024477e-17,1.0625604492145919e-23,8.497753077283227e-11,0.9999999999150224,1.905252926811208e-28,4.762489034751458e-17
2023-02-06,1.1342195273326714,3.161567260521119e-22,6.661265392805582e-22,2.082643967160262e-15,3.784036826363971e-37,0.999999999999998,3.739292360720667e-28
2023-02-07,1.1650908750252031,1.3951165484131718e-09,3.1955983298498778e-15,0.9997958806587726,9.076614647919463e-15,5.18401876885871e-07,0.00020359954422156346
2023-02-08,1.1914297590457386,0.006412680467102872,1.944761143138787e-10,0.9935852414946419,8.965404303942083e-10,3.4309327567708e-23,2.076947238676816e-06
2023-02-09,1.1790944882783878,0.9999995493386248,1.065981078422849e-20,7.507075316815528e-17,1.251155234323677e-18,1.0816027068332253e-15,4.506613740308857e-07
2023-02-10,1.1830969644497467,9.356366698929409e-07,1.9845071015065295e-16,0.9999990642213427,4.512088582290944e-11,3.3232215743626644e-13,9.653386915771989e-11
2023-02-13,1.2102691319877366,0.860159299209769,1.4034275959367096e-06,0.13919693746947653,5.099624144384548e-05,9.098160343724047e-07,0.0005904538356804043
2023-02-14,1.2071168249875734,0.0003356304028413015,0.007600085936209044,5.796873992155768e-06,0.9920584422329944,4.2650643026427214e-08,1.9033198778417186e-09
2023-02-15,1.2344635930809444,0.4548148479578827,0.0008502141326820219,2.3339397700119787e-09,0.5193841983873114,2.513270079467594e-12,0.024950737185670858
2023-02-16,1.2106853975887715,1.1857332091520022e-06,2.7358550882357204e-06,3.395714040987206e-09,5.945043528747096e-09,0.9995469647194118,0.0004491043515331979
2023-02-17,1.1963952771805713,0.6839809155389652,0.30903105595705943,1.216017715546096e-13,3.4951647410894023e-07,1.5101349632935024e-10,0.006987678836366122
2023-02-21,1.177885624459768,0.05262444512410552,0.1093421321458359,1.1340487445242667e-06,0.08373770963568246,0.14814602768787366,0.6061485513577579
2023-02-22,1.184360205920965,1.1625968988801573e-06,4.809519043998696e-07,0.002197100771411891,0.8529065694876368,1.7825934942747403e-07,0.14489450793279848
2023-02-23,1.1836093989352385,0.000434991779564045,0.0029948945640299895,0.0042414475919888076,3.4569270862061294e-06,9.602829189640875e-08,0.9923251131090391
2023-02-24,1.1615557055422931,0.9872918907494538,0.0002842126616528772,0.011497337145964988,3.240633974626611e-10,2.2086574537522357e-13,0.0009265591186441009
2023-02-27,1.1539076891407483,0.009775003576682888,0.00014754503923961827,3.906936148494009e-06,0.06217799760299945,0.9216334253139943,0.006262121530935393
2023-02-28,1.180995629411727,7.98939026826702e-10,1.8329934541201535e-08,6.916968758397052e-12,0.9997753772539505,0.0002226199727318115,1.9836375272928767e-06
2023-03-01,1.1764382810590233,2.4134753609260624e-05,0.03173295801396941,0.00024763593362368494,2.668860685301569e-08,0.9679903712627651,4.8733474257700825e-06
2023-03-02,1.191281855735353,2.5972070775708e-09,1.0312662616258764e-07,3.9799262593589474e-05,2.0273971170922394e-10,0.9999600948107243,1.0913568933704384e-13
2023-03-03,1.2309454830768851,0.002546908712969896,0.9434459983548603,6.298979386028128e-05,7.927383488125271e-05,0.05200240198630397,0.0018624273171243583
2023-03-06,1.2375711261774276,0.9999999826655762,2.3020842631275664e-10,5.208202767361102e-09,6.457656473145943e-09,4.39160668514101e-09,1.0467492389529852e-09
2023-03-07,1.2177526370921592,4.597690059925041e-18,2.0065332097791736e-13,5.525489781979551e-18,0.9999999999997993,4.785188548306283e-22,1.0089462154484214e-19
2023-03-08,1.2181276933981713,6.26222441549684e-17,4.947467582238565e-19,7.438457453474102e-18,0.9999999999994655,4.620031905256071e-15,5.297547493519187e-13
2023-03-09,1.2017527350446326,2.521298736863278e-08,9.521262375467948e-15,2.5683155075479753e-15,9.788255877010676e-13,0.9999993976230261,5.771629953579466e-07
2023-03-10,1.180939845033952,0.0010919391421122435,1.6707824052105942e-10,0.997665611917572,0.0012418252396237217,1.4222817821448828e-07,4.813054355213011e-07
2023-03-13,1.1882260021651456,1.4020776977942106e-08,0.3088911113081809,2.9324011005064425e-08,3.484531101272066e-09,0.691108841285498,5.770020358486205e-10
2023-03-14,1.2394231059030625,6.99420355839896e-10,9.105057634333415e-08,3.658779406868213e-15,0.9999999082013944,4.860521304112403e-11,2.259976818444564e-16
2023-03-15,1.2657925124863019,1.4520008529864623e-14,4.873244014698189e-07,1.1561605544095363e-05,2.22300224997398e-09,0.9999879488470376,1.3632263515344273e-22
2023-03-16,1.3187443240345234,6.913026273448441e-06,0.87832373319516,0.12166933313099693,2.062538811793081e-08,5.9068775699081865e-12,1.6274700264347357e-11
2023-03-17,1.305964250946508,0.0012751545066791447,0.3931256869129361,0.0024446886850890354,4.2797495188349245e-09,0.6031531046261249,1.3609894213171393e-06
2023-03-20,1.3093314933913491,1.2400335480975183e-08,0.9717867043346398,1.0423604832933693e-13,2.068653641920792e-07,0.028213076399549418,6.948354718581651e-15
2023-03-21,1.351676789312921,1.059761819949443e-07,0.0024652339669017963,5.01666536041809e-13,0.9972695642460995,4.855972340746016e-09,0.0002650909543426686
2023-03-22,1.3381360814966088,3.2803288991558337e-12,5.451728389338368e-06,0.9998817344291633,8.943257497850636e-22,0.00011281383481168586,4.3554006433277424e-12
2023-03-23,1.3493170147213913,3.7094409237435e-05,0.008632578740150386,0.990350907387256,0.000978233255693177,6.1531955052004e-08,1.1246757078916287e-06
2023-03-24,1.345243916620817,1.2766802016125392e-07,0.7418757442627318,0.2537653883939323,0.004336963869064636,6.936400428019217e-06,1.4839405823172116e-05
2023-03-27,1.3267087566010467,0.9937187807740567,2.004366781807429e-09,1.779944920602181e-10,7.061859735322601e-13,0.003983844773962265,0.00229737226891358
2023-03-28,1.3149060177368552,4.1254143192395677e-10,7.506377255141816e-16,8.518773985515945e-15,0.9999999995874491,1.6174432003610264e-18,1.860056314745233e-16
2023-03-29,1.3574786403827237,4.835800584461122e-09,5.0056462557649024e-11,0.02850957121234041,0.22657737540693726,0.7449130460329413,2.4619238493843825e-09
2023-03-30,1.3700622168579897,0.9999827340503946,4.685598104111374e-08,2.6869745264612165e-10,1.6513007714600252e-05,7.058094869977447e-07,7.725153386837187e-12
2023-03-31,1.3998362557563517,0.00026552817522904683,0.9993744196406178,0.0002799621369082655,3.8345052552240344e-05,3.927146721125775e-05,2.47352748155701e-06
2023-04-03,1.4017701377823455,2.4983130510869116e-11,0.9999926139495772,2.2605120133915374e-09,5.858965209950374e-10,7.383176622711034e-06,2.4085720266344645e-12
2023-04-04,1.3945837535511805,0.6148931690964687,2.0760919648661977e-08,1.914809688659719e-07,2.253892893139876e-08,0.0027768726595703195,0.3823297234631435
2023-04-05,1.3746608860465646,2.829646514683257e-06,0.993883094939648,0.004414388210369227,5.4253398338889335e-06,0.0016939903323212222,2.715313131708553e-07
2023-04-06,1.3956590889872875,3.582540266775248e-13,3.125699093564181e-07,3.3827031051642302e-12,0.9999748199916649,2.4781753157496075e-05,8.568152737348413e-08
2023-04-10,1.3773276700588823,0.0001241820123547421,0.50748673441282,1.243656139526573e-07,6.676592568210847e-10,0.12705817987983978,0.3653307786617123
2023-04-11,1.3792327216184646,1.3795510927789276e-06,4.4116301765339686e-08,1.5364071678111945e-10,2.095890021622502e-15,0.9585444184385603,0.04145415774040242
2023-04-12,1.3620166082734344,0.9430105423078177,0.04948376847146909,0.006407361406905263,0.001098317310886243,1.0425805295323456e-08,7.711660102265602e-11
2023-04-13,1.4129317699451898,3.923669066574212e-05,0.8466967785403551,0.153213530604377,1.647625615533136e-05,3.395830999006777e-05,1.9598456745045678e-08
2023-04-14,1.384016958734411,1.0779272437668525e-06,4.68228200689542e-13,0.9933389258927058,0.006659996039564599,1.3202247201643514e-14,1.4000441485238999e-10
2023-04-17,1.3764827149747891,0.6835869008304214,0.059505006426508265,0.24763076630832534,3.514048446587325e-05,1.1849087771839255e-05,0.00923033686250721
2023-04-18,1.3720888366255304,1.15904762503391e-11,1.877963793165908e-13,1.025638753743936e-12,0.9999999999684239,1.470093800152943e-17,1.8772002300923553e-11
2023-04-19,1.3845813494356374,9.491414197590205e-07,0.9982154378971329,1.518210786227709e-06,0.0017766931828698573,7.717447112999139e-09,5.3938503440121986e-06
2023-04-20,1.3886790325905227,9.733559110193708e-14,2.360697361867484e-09,1.2143087539537703e-11,0.9999999976015883,1.1974054937127158e-12,2.427645268343775e-11
2023-04-21,1.4065881409902274,0.03810716217348891,0.0004783866003335911,1.564878560555358e-08,0.9613238737471506,1.0757257647287528e-07,9.045425766503266e-05
2023-04-24,1.4020412555346409,0.00014121048918184587,5.187131230312122e-06,1.8812439317815054e-08,4.1092128750317745e-05,1.3873220475661497e-10,0.999812491299666
2023-04-25,1.360298091354183,3.9579349699881266e-06,0.006046868567125986,0.9932072698926009,0.0007413425357786351,5.353772504569311e-07,2.5692273975439076e-08
2023-04-26,1.4100937251544778,3.022521112986589e-28,2.928779529463156e-11,2.634378328114729e-21,1.9907670679465613e-18,0.9999999999707121,4.892625416356228e-27
2023-04-27,1.4774847475410695,0.056407503894810904,0.00029926755576646305,0.9431492080970184,1.7384267909746795e-08,0.00013828474589383684,5.718322242625172e-06
2023-04-28,1.524188878376518,1.2551546934173868e-28,2.752375480903905e-27,2.7188657739608266e-26,1.4165977072457215e-38,1.0,7.539424618474542e-29
2023-05-01,1.496814399440637,6.244756365767981e-05,3.876971589278094e-09,0.9824803992683838,0.010458147426101239,0.00026625456743364196,0.006732747297452253
2023-05-02,1.5073064109547525,6.423566116296115e-09,5.8092991274289316e-05,1.5000715505010346e-07,0.9999065860543361,7.704360296121529e-08,3.508748006542942e-05
2023-05-03,1.5075857879283474,3.106497859664353e-06,3.28579792816299e-07,0.00015838468743037352,0.9991191465630109,3.2038202345410594e-10,0.0007190333515243297
2023-05-04,1.5094527127696287,0.4149720735112065,0.0016898641907071895,0.5832995788870603,3.7955740405502254e-05,1.060322256763672e-15,5.276706195786241e-07
2023-05-05,1.5450634224061046,0.0909490201539463,0.7152175200123473,0.19292173396130144,2.1985974921522774e-05,0.0002950398776254848,0.0005947000198579987
2023-05-08,1.5681717204692145,1.6515245740492797e-08,0.9954836188778929,9.216709562216762e-11,3.80699197502118e-08,0.00451612548081911,2.0096395522672027e-07
2023-05-09,1.55734188921887,1.2573766950208133e-08,0.1674306049149614,1.5644466877195288e-08,0.8325693668275077,6.953834546396394e-13,3.860160213034437e-11
2023-05-10,1.6191341181153256,0.00015413153565552417,0.9537421895703895,9.740776120113905e-10,0.04609387219614004,4.1232120920625175e-07,9.393402528131285e-06
2023-05-11,1.6803832774327216,4.457423467134628e-06,0.9851613367061364,6.813450869074484e-08,0.014778839884693497,4.887089460978383e-05,6.4269565844022785e-06
2023-05-12,1.6821364371661374,8.617270763699955e-09,0.9985829856350737,7.319224665438782e-05,3.09748126812872e-07,0.0013421348227180166,1.3689301562744989e-06
2023-05-15,1.675436021614989,8.630556257877913e-06,0.9999874256806254,1.4847316918990993e-07,2.2956928726153494e-10,3.768115575853134e-06,2.6944802334218198e-08
2023-05-16,1.6817826361529489,1.7361903196171367e-11,2.773759391353999e-14,9.23985937003375e-14,0.9999999988895634,1.0929060042472545e-09,4.8726450991692934e-14
2023-05-17,1.7008847282220447,1.514619505611573e-11,1.394504459614904e-09,1.7757005921853024e-10,0.9999999984126553,9.426356923169918e-14,2.949766745684789e-14
2023-05-18,1.7253605766017814,0.0004934471014033277,0.048944848858247014,0.9464954798692148,0.0025793678636979065,0.0005627747765885623,0.0009240815308482858
2023-05-19,1.7272858772086626,1.1262867518180378e-06,0.9392013958242648,0.06076981230806358,6.733104269283978e-09,2.7616521829716107e-05,4.232598600509307e-08
2023-05-22,1.6995321397900462,4.2463986063325756e-06,6.2542705169431045e-15,9.319252701392585e-10,0.023693615258917836,0.9762974950166461,4.642393898173509e-06
2023-05-23,1.7092568878392589,1.0030836060394426e-12,8.469452790059352e-20,1.6500342613042547e-10,0.9999793508412146,2.0648682961887977e-05,3.0981708672500624e-10
2023-05-24,1.679617818995011,4.73241913635665e-10,0.9744470842573628,1.145514198530547e-06,2.2213244977570555e-14,0.025551762556610978,7.198563506954798e-09
2023-05-25,1.7028718065120112,3.318596249141548e-06,7.763862024727217e-06,0.012169737938651098,0.98781817762696,1.001975677299379e-06,4.376436998428146e-13
2023-05-26,1.762781319734845,3.88145671274811e-06,3.255100196418687e-11,0.041754056687581045,1.5385712560687e-07,0.9582418815699674,2.639606231149666e-08
2023-05-30,1.7828460730455296,2.861581371460989e-05,2.8977070108664224e-10,0.00011693790070117155,1.8410366540088437e-05,0.999821480450062,1.4555179211522577e-05
2023-05-31,1.7763405077461143,2.9360435807854973e-06,6.87948353737235e-13,1.9458961430652895e-11,0.9311917192139424,0.0688053445677406,1.5458933109561656e-10
2023-06-01,1.800991790695265,9.984500175686187e-11,3.8081689374924516e-08,0.9946007212891497,0.0053992398370477715,6.772592820019765e-10,1.5009187776275557e-11
2023-06-02,1.8222883352668187,1.5444941423648456e-05,0.18907563826708934,0.8101540160803825,0.0007531256742719746,1.2503804243730981e-09,1.7737864520819234e-06
2023-06-05,1.8435154077903533,7.659326925637076e-08,0.0013669074133523076,0.9868821447981379,0.011742985772886348,3.1293013373126174e-07,7.572492220473476e-06
2023-06-06,1.837626843748649,0.005128826931605687,1.224359437396545e-05,3.188755353187668e-07,7.835540576975161e-10,5.876689889839914e-10,0.9948586092272619
2023-06-07,1.7874453348204338,5.3245811626981995e-05,1.941502100972654e-08,3.07207267882417e-06,4.814795453683448e-05,0.9998952412061877,2.7353994862764053e-07
2023-06-08,1.800372421074222,0.7904703710452787,0.0039005708020903676,2.662029690761316e-07,0.0025397515238974877,4.582378703713816e-08,0.20308899460197719
2023-06-09,1.7978546040749508,0.9771041350504832,0.002326167380740311,0.0001257577064951497,0.001955171584693634,0.018488762948049093,5.3295387177795075e-09
2023-06-12,1.8223645358098821,4.715110474965818e-05,0.021551232673550826,0.96101973310949,0.017380814123059536,4.984341487519662e-09,1.0640048086007193e-06
2023-06-13,1.819719451190971,0.5487294032416681,8.968060384638734e-07,0.2563479796044937,7.4179576417482485e-06,0.1949079338653385,6.3685248193958655e-06
2023-06-14,1.833910293357488,3.709992469298873e-11,2.450330985784305e-10,0.019963008148045663,1.5326591720558931e-16,0.9800369915698168,4.398032771813617e-15
2023-06-15,1.8675676104406111,0.0015167145729215823,0.00607539277066995,0.0010682397043968047,0.0006081238908516471,0.9789807751990238,0.011750753862136252
2023-06-16,1.8610671168426096,0.01782483893548094,0.002753889804564933,0.006613689235914027,0.00043362379013218543,0.6007583408531858,0.3716156173807221
2023-06-20,1.8834079156254822,1.6878440057096263e-07,5.890788635033887e-06,3.4762139801142514e-19,4.677597462769078e-07,0.9999858278494558,7.644817762307423e-06
2023-06-21,1.8461117576094042,1.6094213908447837e-10,4.54657597827444e-05,0.0017412152506202734,0.9974960837873943,0.0007172348795117959,1.617486864926242e-10
2023-06-22,1.8775550925281372,4.235289007097725e-09,4.925203205544581e-08,6.996415283626564e-05,9.981083763912219e-06,0.9999186032082964,1.3980677823171412e-06
2023-06-23,1.8661239275895598,2.5938514673944744e-09,2.4551943202316523e-19,2.8067762679828855e-13,0.9999999715280309,1.3661874986482233e-10,2.574121829277316e-08
2023-06-26,1.8391727864615146,0.9852632476038582,1.479669522733151e-11,4.024391334444599e-06,0.014732692162989457,3.537320782937655e-08,4.5381334770667255e-10
2023-06-27,1.826657152805058,0.000534260345461751,0.9994626753342271,2.0160949656381277e-08,3.392539640782128e-07,1.3187757894516439e-08,2.6917176394308676e-06
2023-06-28,1.835425801603405,0.996759285093746,1.976320738373977e-05,0.0006130966186906565,1.0275364593315408e-08,1.9263161945165827e-08,0.0026078255416530963
2023-06-29,1.8184268230328278,0.9974545118992071,2.474784748598087e-07,3.4759431304073894e-06,1.0242933789082866e-05,0.002531517678212485,4.067186245734616e-09
2023-06-30,1.8553777854144071,4.8966310802755635e-06,2.9486570680925213e-06,1.674947999072751e-06,0.027427177566162104,0.9725632105811577,9.161653261747923e-08
2023-07-03,1.8517527701506307,9.7030101762536e-13,5.539577375895672e-09,2.5256260331961304e-18,4.152010177121068e-15,0.9999999944554123,4.035951186176699e-12
2023-07-05,1.8818136237803038,1.3189739007173152e-08,4.027911383676656e-07,0.999974256054373,1.5255850331190175e-17,2.5321788577493568e-05,6.176172313874441e-09
2023-07-06,1.8815128366518397,0.03282789545283072,0.056172043380794616,0.34551575193347744,0.00038850792739983256,0.0017224838164231506,0.5633733174890742
2023-07-07,1.8717375518242465,4.890140130652457e-16,5.62677730048197e-22,2.2711658340156773e-15,9.878897892216471e-17,0.9999999999993503,6.468352980375431e-13
2023-07-10,1.8836634365430196,1.5107695554400353e-08,1.531746929329181e-06,8.834001956292284e-12,4.885330412847708e-09,0.9999980157082197,4.325429912117761e-07
2023-07-11,1.8972793939023167,1.288457404123644e-05,1.764909366878879e-10,1.6231620430480222e-07,0.9999368737229342,4.9168294463617275e-05,9.109158656886699e-07
2023-07-12,1.9280319574046523,8.524800871146509e-13,0.000949882158746099,1.8971974782552037e-10,0.9990501176505826,9.68297325648724e-14,2.3083457002406453e-15
2023-07-13,2.0069453044449985,3.729112152617755e-12,0.999917443619429,8.25547160695968e-05,1.6276370718558473e-09,6.979748370856125e-13,3.2437129389115897e-11
2023-07-14,2.0263068618735103,0.9915152636681973,0.0004963483833186693,0.0033346265862631056,0.004388107184022683,3.989655141496083e-11,0.0002656541383016264
2023-07-17,2.0424802001509224,0.9985484833742436,1.7601813787745636e-13,0.00012361196208272702,0.0012836605023738377,1.4389587165788007e-13,4.424416097984476e-05
2023-07-18,2.0210700587897703,0.00016239065708019122,1.1861126702913165e-05,1.3945556247733512e-07,3.249559082213883e-07,0.9998231032310624,2.1805736837730834e-06
2023-07-19,2.038314440315839,7.950035615062615e-06,1.9609052488679964e-10,1.5768964627068803e-05,0.6789857268440532,4.340148498219672e-08,0.32099051055812905
2023-07-20,1.95860552720163,2.9222846627296435e-09,8.795701486041139e-10,1.96312050767318e-09,4.597407119355029e-08,0.999999655073641,2.931873125432117e-07
2023-07-21,1.9549870082622092,0.7226256832143925,1.1141559203183131e-06,6.434538150223525e-09,0.27210147101704396,1.2993906594924413e-06,0.005270425787445721
2023-07-24,1.9728013139928642,1.2539495988146939e-09,4.903742677527092e-07,0.9999995078792169,7.621904969282505e-11,2.3064625276919314e-12,4.1404043883715807e-10
2023-07-25,1.9717170465589773,1.5852716432011123e-07,0.00023091893157608546,2.4906696230434957e-14,1.3364049355328896e-15,0.9997689212599681,1.2812654016825998e-09
2023-07-26,2.071792712591786,4.575776541887527e-17,1.3582099580167667e-14,4.880713645656717e-21,1.7099949162717058e-16,0.9999999999999862,2.0391806734158766e-17
2023-07-27,2.1288590549296527,1.209639593475808e-15,1.3595300803450905e-06,1.4373807475697292e-17,4.957448203864366e-16,0.9999986404699179,3.3888587469668473e-17
2023-07-28,2.157362176713353,4.1710439355381855e-06,5.173151293964112e-05,4.7624320014797453e-08,0.9999439406424144,1.5429223920207316e-10,1.0902209824007258e-07
2023-07-31,2.1194045680798927,3.566186275525748e-08,2.826677017399658e-07,4.836728943728032e-06,8.572373890019557e-09,0.9999948310514877,5.317630119519936e-09
2023-08-01,2.0929043624099104,0.0006489245716685213,0.0032490418631521594,5.882841481162501e-12,0.3239925854086916,1.738494681687491e-09,0.6721094464121102
2023-08-02,2.067412594954944,0.056773233254998515,0.015510731850842986,0.06930606846903832,1.7926524090962513e-05,1.0613843778256308e-06,0.8583909785166515
2023-08-03,2.069783336688137,9.936633881264306e-29,3.433246170800487e-16,4.913784647388079e-19,0.999999999999998,4.6404106206569085e-22,1.5083457643011151e-15
2023-08-04,2.21866419424583,3.5857482875316914e-22,0.0001400919255145101,8.755312545266643e-11,0.9998599068840082,1.1029241556830328e-09,6.246714058913156e-17
2023-08-07,2.184788183014639,0.008544934873100823,3.575253312023113e-13,2.5146769458269072e-14,0.9914550651151273,1.4425334941411422e-14,1.1374740102187888e-11
2023-08-08,2.166244655357966,1.2207870951195387e-06,0.18402792400061718,6.92483506735749e-08,6.204255312083529e-13,0.8143355647531484,0.0016352212101681776
2023-08-09,2.1523279995217943,0.9753708385815395,1.761046636590413e-05,9.662198512478478e-08,7.339281861847492e-09,1.0683995130002226e-08,0.024611436306832494
2023-08-10,2.1533866638675545,3.292513077993292e-07,0.0009676640580658045,1.9112698709033373e-06,0.9972818002307785,1.4094129599839726e-07,0.0017481542486809762
2023-08-11,2.1300172073259795,6.866883392658874e-05,5.4437845467166066e-12,1.9449619271226377e-06,0.9999145274222158,1.4828872935794875e-05,2.990355099284718e-08
2023-08-14,2.1345777988949353,6.184264040701326e-07,0.9999483384417842,1.7845032791698434e-06,1.2637518731304057e-11,8.495092205236316e-11,4.9258530944213476e-05
2023-08-15,2.121622312740425,0.7984074740746792,0.13206741519452184,0.0022497869274878545,3.815942697678285e-07,4.3097729084278956e-16,0.06727494220904111
2023-08-16,2.1067433617128284,0.0028390381395791975,0.003526853721250397,0.12482058891889254,0.5145078532813153,9.405019273975214e-11,0.35430566584491235
2023-08-17,2.121390760225089,0.12143299083291634,0.8566124757416475,9.897629760438181e-05,8.756730392815782e-07,2.593655738925238e-13,0.02185468145453313
2023-08-18,2.0908592949036016,5.8538311747860614e-05,0.9676295586430497,0.02265218855402996,0.00042646837093468005,0.0010364317618872956,0.008196814358350646
2023-08-21,2.1259423246329563,0.0027581897005647237,4.355705223947165e-07,0.0010349654259896059,1.402848025937195e-06,0.9962049843015424,2.2153355093441367e-08
2023-08-22,2.1292371243965027,0.9999913024604591,6.890393679373206e-06,1.8018743216641517e-06,2.9268588030977815e-09,2.3446417792385227e-09,3.9112913734965173e-14
2023-08-23,2.163580620363026,0.7423564264028961,0.22968806014761328,2.8986226172533657e-07,0.0003968292425759478,4.290413604528167e-06,0.027554103931048447
2023-08-24,2.100266811035357,0.07505007431759966,6.947532569761544e-10,9.4317424245321e-06,7.70257245926807e-09,0.9249402920956067,1.934470433694767e-07
2023-08-25,2.0905487656548196,9.716913336791131e-11,1.6976662535514633e-07,0.0003020484220228301,2.6058451438399607e-18,0.9996977817116214,2.561166628583977e-12
2023-08-28,2.1064700339742037,0.00010322805771154875,6.314692930705706e-05,9.302909286771797e-09,0.013294264586205484,0.9865393510860561,3.781047933483752e-11
2023-08-29,2.1584304032026798,0.9557205436084439,0.04415656827932789,0.00012225850293786316,9.362000200270033e-09,5.511170998456827e-07,6.913019033603989e-08
2023-08-30,2.182714425639303,0.00102119463915127,1.996996702571393e-07,1.052900991100962e-07,0.9989784971187222,9.003436051837663e-10,2.352013546647361e-09
2023-08-31,2.207236115368817,0.9964657476489677,3.4869377321461554e-08,9.042853395043225e-10,0.0027630364782163857,0.0007710441937188468,1.359054345628097e-07
2023-09-01,2.2162910550343136,0.4544902356469272,8.032057323423577e-07,0.4463721670449385,3.0772895547391035e-08,0.09913443646753006,2.3268619762398923e-06
2023-09-05,2.2498852823790525,6.025797627460296e-10,5.507270258924745e-06,0.9987327392753026,6.411564619645835e-08,0.0008352834013391026,0.0004264053348733714
2023-09-06,2.2461786912934762,6.386289339248383e-07,5.6532081950709565e-06,0.0013298050322871902,0.9490476545256777,0.046520525309722206,0.003095723295183773
2023-09-07,2.302139947056868,9.144921598910509e-09,0.9146689035483403,1.59353775062351e-06,0.08034004988672999,0.004947983844450033,4.1460037807320886e-05
2023-09-08,2.308581914421328,2.08103465057122e-09,5.158804716177899e-10,0.002835406146421046,0.9971644845565623,1.0170038558975804e-07,4.999716072326999e-09
2023-09-11,2.387986194112191,0.0011987993920085226,1.644382044755657e-06,2.6630035885507536e-06,0.8643345363942507,0.13417681792824968,0.0002855388998578425
2023-09-12,2.3499446759863156,1.9949472024188715e-11,3.646123349025837e-05,1.5501957312092197e-05,0.999945949603032,1.4707181074439453e-06,6.164681088040296e-07
2023-09-13,2.363004517489689,0.02034691438805384,0.00832885098659999,0.7186142604281734,0.006236445284127832,0.23570098679097212,0.0107725421220727
2023-09-14,2.3837423979309356,1.0918361087231855e-08,0.9912865369602801,6.65040745833996e-05,4.585150160924779e-16,0.0008260114268346855,0.007820936619940341
2023-09-15,2.3976254853422363,0.9999997861362906,1.7661974309036806e-07,3.2884353021550214e-09,5.971931525237728e-10,2.5619427355856676e-12,3.335577601475376e-08
2023-09-18,2.4314424626289575,0.1508114864044036,2.0626873430678393e-11,5.365671540667661e-09,3.918455558470259e-10,0.8481131451455237,0.0010753626719288605
2023-09-19,2.446367565690584,1.1976098143712177e-06,1.637340471748721e-14,9.56598927317388e-09,2.447112525644795e-07,0.9999958007656107,2.7473473167175903e-06
2023-09-20,2.426420966814045,2.587835484126493e-06,1.7048711332250221e-13,1.4370718803070139e-05,1.9749986089459181e-16,0.8729099687372897,0.12707307270825252
2023-09-21,2.425597781576517,0.12896727808918976,4.7932945607795215e-09,6.302848482611139e-10,1.1251398945462322e-09,0.8273030772917996,0.043729638070291274
2023-09-22,2.4373608204514903,0.0008715305695010371,7.938689596129845e-15,0.022184771272055967,1.4767760573488149e-18,0.9769422166801888,1.481478246305616e-06
2023-09-25,2.4415318940271926,0.9673527508789894,0.009277313570368375,2.6971359455927123e-08,0.00030874405267482035,0.0009502244778666458,0.022110940048741277
2023-09-26,2.4119949926693884,0.0007468626540553754,0.6756203503332938,0.23556586742277444,8.375211455666216e-05,0.0016346296739535443,0.0863485378013664
2023-09-27,2.4413936339987083,1.5593925368398584e-08,0.9495146550550504,0.042976504644311804,7.604653253083402e-11,0.000778530505349985,0.0067302941253158735
2023-09-28,2.4079055822729396,2.1516492865357855e-10,4.952827229955019e-13,5.647679762859457e-08,0.999999943213335,6.118331108313053e-14,9.414590232283993e-11
2023-09-29,2.4062778929194533,1.353340422639419e-07,1.5844426607788072e-06,0.004273227448782814,0.9957243881846316,6.625786581624826e-07,2.011224315625158e-09
2023-10-02,2.4560447961140732,4.0815524397389933e-10,0.9956211023664383,1.217160726286293e-09,7.571254066740219e-10,0.00437886523148687,3.001963346744743e-08
2023-10-03,2.4154354444931494,0.9611086699226031,2.9680136447183016e-07,0.038869201562589925,1.0761675424774632e-07,1.832366922631799e-05,3.400427461906057e-06
2023-10-04,2.462328988389049,1.8381535712341115e-11,0.9999998765932684,1.2099902522579576e-07,6.542376279280339e-11,2.323051240827131e-09,8.499888559935605e-13
2023-10-05,2.4712270740449744,2.36543490140865e-06,8.825532367679826e-14,0.002616404956083906,2.7534664775597372e-17,0.9973812275424934,2.0664332362030055e-09
2023-10-06,2.5203117453125756,1.3002256521295145e-08,0.9988030286796823,5.41058725883884e-12,2.6425213491784637e-05,0.0011705330703377745,2.8821083806994677e-11
2023-10-09,2.527316908807502,5.9132248533812334e-05,5.607868552085017e-08,6.473169057601831e-05,0.943836904828581,0.055978428194591076,6.0746959032692145e-05
2023-10-10,2.534244083791078,1.9357255139231503e-11,3.258060153063756e-05,4.33141587282224e-06,0.00031033036187426335,0.9996527576010232,3.4190907708239117e-13
2023-10-11,2.569220619388479,0.6751374044433643,1.0350868485374226e-05,5.080907622697699e-07,0.32275190182168123,0.002095139846108976,4.6949295977664406e-06
2023-10-12,2.539360059374267,9.008974721114303e-05,0.9986901741961309,1.9549929444094137e-08,3.380418313081964e-05,0.00034701436327273,0.0008388979603250848
2023-10-13,2.4731601460989165,0.000638283489010892,6.031939467088077e-07,0.0004444271997965872,0.0011727646869537003,0.9977429749915872,9.464387049210542e-07
2023-10-16,2.492503097471654,0.002765787215216389,0.0019482089098291431,0.004115480637357831,0.9903836706233328,1.4683358367413967e-08,0.0007868379309056203
2023-10-17,2.4957689664752776,8.493776661701377e-06,0.9964136993874648,1.9025733036312748e-06,4.681493378960837e-13,5.298998012557721e-07,0.003575374362300462
2023-10-18,2.48810415049417,2.545810440086446e-07,2.6990815556746755e-06,0.9999841377920049,1.610109816063717e-07,2.4977629383824236e-11,1.2747509436085828e-05
2023-10-19,2.483565837946248,0.6556372377803258,9.461722337685577e-11,0.007226885699206584,5.7215542599959505e-08,1.0308319267298747e-08,0.33713580890198847
2023-10-20,2.432895125164792,0.00021796392710632625,0.10518513001122155,0.15707670394811515,0.029773683252495724,0.7064916421684008,0.001254876692660495
2023-10-23,2.447418516987176,7.439630334661505e-14,0.9999918565243955,8.143474810403548e-06,6.898822534871955e-13,1.6553130533731258e-14,1.305263281894836e-14
2023-10-24,2.451484758371846,5.495649086050107e-11,9.508720359403351e-20,0.9999986180142163,4.502836009603347e-12,7.735254767424745e-14,1.381926247216214e-06
2023-10-25,2.3596243571423763,3.0216098017843363e-06,4.630012960086205e-06,2.4919033327422062e-08,0.8898753689007107,5.0525332290535404e-17,0.11011695455749408
2023-10-26,2.308496553504463,2.4608223402361655e-10,1.2392955648760947e-15,5.659050645720049e-09,0.999999457338038,5.255625710233055e-07,1.1194257028212188e-08
2023-10-27,2.388930038054093,5.946304158756822e-07,1.3791713899840076e-06,3.0759119739380646e-06,0.9999518719806026,4.307600397759392e-05,2.30163998981017e-09
2023-10-30,2.4660478664730086,5.211447985678084e-16,3.592967174276681e-18,1.2561689008106127e-09,0.9999604111715346,3.9587572296062075e-05,1.0854036166004743e-18
2023-10-31,2.4641132131892833,0.06368398625455313,0.00018330565756534967,0.014015402364865195,0.9220711361067461,4.616924531409373e-05,3.7095638852383114e-10
2023-11-01,2.5051861743728403,0.931134333483928,8.177635205171309e-06,0.06861819980477633,0.00023880699661000984,1.8026608615145278e-09,4.802768195685118e-07
2023-11-02,2.5490740175135285,0.9026807785900316,0.033786032471108424,0.06347000338183705,2.397630046454134e-07,2.751081862114854e-09,6.29430429362806e-05
2023-11-03,2.5648201076441417,8.619194501619832e-13,3.9688852140525864e-13,9.168558130263156e-09,0.9999999907358611,9.432162865773136e-11,3.1393180900036663e-16
2023-11-06,2.5926052288015953,1.1593085196810909e-05,1.659223162338119e-11,0.00011825696455108499,0.9998701489412657,8.801693192414568e-10,1.1222470714416543e-10
2023-11-07,2.626510959243729,0.004073820366945374,0.5195577074087202,0.4687372595667405,0.007201058789218812,0.00042802485510936244,2.129013265820512e-06
2023-11-08,2.6385441114873074,0.030201060868171644,0.04615098130286243,0.2935341946264886,8.151249526359434e-07,0.0697002032612961,0.5604127448162286
2023-11-09,2.6156193700251933,1.0639577482444994e-05,0.025076424116213646,1.6974152503818622e-05,1.5635380977455e-05,0.9748803257259288,1.046893827831577e-09
2023-11-10,2.678323390397908,0.016728229708803208,0.00039675072188789903,0.026358730648871877,0.0014288874275438846,0.9545552138393383,0.0005321876535547412
2023-11-13,2.664020578348876,0.025703999959453924,1.8270275577267538e-05,7.290279122086224e-09,0.35034972342197185,0.6239237285316969,4.2705210209059005e-06
2023-11-14,2.692917233213616,0.9979314871775603,0.0007682457114365144,2.768881089531441e-07,3.5976535901894863e-09,0.0012986356615756502,1.3509636651646025e-06
2023-11-15,2.720960344028809,6.302221761373055e-07,0.9999992937228234,4.228343901835155e-08,9.149236953292369e-15,3.3650341429537236e-08,1.2121094432450517e-10
2023-11-16,2.7106730769273835,7.808538984807598e-11,9.337010007377915e-14,2.469022705476256e-09,0.9999999160354749,8.140713157077686e-08,1.0191982179537288e-11
2023-11-17,2.7409532870259388,7.318984253645653e-08,2.2351503373600732e-06,1.4665927322734323e-11,0.9586246263952859,0.04137306312603584,2.1238324013827098e-09
2023-11-20,2.7748895500889197,0.16164567322999066,5.3149316897213686e-05,0.7902196439374448,2.991359127857263e-06,0.03886817647633227,0.009210365680207373
2023-11-21,2.767123085817341,9.798397757336845e-06,0.999360708428716,1.50729757382556e-11,4.498678404089356e-06,0.000624349113999382,6.453660503553001e-07
2023-11-22,2.8035907251619134,3.3652078075245895e-08,9.5773313456683e-05,0.018583234393443646,0.9813114831517304,1.2948866820243829e-08,9.462540424365784e-06
2023-11-24,2.7491239292957514,0.6379062002673063,0.17867320697503397,5.871522063025713e-05,7.575460470141965e-07,0.18305816728173996,0.0003029527092425165
2023-11-27,2.7357954902580826,6.836705639511685e-06,1.112940122704943e-09,0.9998684218161823,1.194860969968434e-06,0.00010147311850028341,2.2072385767713866e-05
2023-11-28,2.7293966303991324,0.2045201538409876,0.05303449510761817,0.08425794630691749,0.0663130299701348,1.9029137274937672e-06,0.5918724718606145
2023-11-29,2.7141642449133805,0.11272874299146338,0.29699402902903865,0.036543355595081435,0.19733710211519648,0.00026225404108138397,0.3561345162281387
2023-11-30,2.731778151392526,6.427884778134611e-06,3.8328273239657357e-16,4.1904533405028263e-07,0.9999723552204017,4.4421829260997374e-13,2.0797849041439525e-05
2023-12-01,2.7321673401680595,0.13109824847916904,4.7212956119133784e-05,0.0010722601896581403,0.0003592167742463418,1.4452106767583079e-09,0.8674230601555967
2023-12-04,2.6896319088019185,0.0011038123324854758,0.9965182001935224,0.0020098005135349034,1.9005749704648997e-06,5.79675820040655e-10,0.00036628580581095615
2023-12-05,2.71253397835522,0.9999997616469514,6.745850989135062e-14,4.094974920024941e-12,1.959989003577799e-13,1.0357314275308044e-10,2.3824511696039083e-07
2023-12-06,2.6879310518638504,8.373240445732923e-16,0.9999999999989753,2.5481072018119455e-14,7.699545857662623e-17,9.983643625546471e-13,2.5459519115325857e-17
2023-12-07,2.7066077891098637,0.0004483279306850367,1.0629753707465423e-10,6.558864898754318e-11,0.9995512988552328,3.704877403924895e-07,2.554455645600453e-09
2023-12-08,2.715489729336432,1.965622743266279e-05,6.550850348942886e-12,0.08996828868896911,0.03854866833492257,0.0003190628190743307,0.8711443239230504
2023-12-11,2.6613692792554056,8.297027350109628e-07,3.5632763237893637e-19,1.3767582620038047e-05,8.976392333978742e-12,0.9999853300640095,7.264165900427696e-08
2023-12-12,2.7144626248676547,0.999997869929977,1.4865014922858117e-17,5.841885184842799e-14,1.2518966518547445e-17,2.130069964793014e-06,3.412701652369474e-17
2023-12-13,2.7558011718058824,0.9681533130592213,9.077704595072929e-10,7.911209250617731e-12,0.03161450606950915,1.916709272255903e-08,0.0002321607884952083
2023-12-14,2.7503311600436366,0.0008380907347060317,0.14573747481747162,1.8189277017639788e-07,0.8534122208193526,1.2489245975142947e-06,1.0782811101918753e-05
2023-12-15,2.7831750784525493,3.0794683319658065e-21,0.9999997866499233,7.658297301219833e-18,5.934651176514227e-13,2.1334948327781918e-07,8.23449307424818e-18
2023-12-18,2.815453322513402,0.006455257433178809,0.0028939243467236754,0.001379298435781851,5.283666382957765e-05,0.9891526039255657,6.607919492045402e-05
2023-12-19,2.804130946000413,0.0035200429513248268,0.028340140936703607,1.622957618767553e-07,0.9669749236285916,5.588092950052391e-06,0.0011591420946680095
2023-12-20,2.806108723565428,2.6189779773136625e-14,0.9999984814693477,1.2687550339930033e-06,3.4100682998451113e-10,2.494324682755702e-07,2.116997076147214e-12
2023-12-21,2.840486547804421,1.9465351465633534e-07,0.9993052969893701,6.946109616660079e-07,0.0006917737847322934,6.560263504674276e-07,1.3839350707778875e-06
2023-12-22,2.8317610927446424,4.263638501753175e-09,9.562237413626913e-05,0.0026503441929467205,0.039681542526530535,0.9553390749577938,0.0022334116849539658
2023-12-26,2.8345660732698525,5.7204413091170804e-05,8.716692973963467e-05,0.0003773840651409861,3.2515484656940085e-05,0.9992755851442113,0.0001701439631601386
2023-12-27,2.8301652593745197,0.10087877444174058,0.006968504626970576,0.5782160030151965,0.2812605556833438,0.02283201875493942,0.009844143477809177
2023-12-28,2.8337681034649975,0.003908377030739476,1.0325430557228118e-06,0.9924541112125943,3.672091464303331e-05,1.290814605173143e-05,0.0035868501529157434
2023-12-29,2.8309888089567385,1.8501658953231521e-06,0.0006072398647211341,0.12538223437049814,9.202402876576446e-06,3.3906391713863754e-06,0.8739960825568375
2024-01-02,2.7940409416556884,0.036884706759074654,0.17592120580762777,6.567534753623266e-05,4.233188452060793e-10,0.00030953320124616277,0.7868188784611962
2024-01-03,2.7778064153231083,2.822558925908411e-07,7.289899658593595e-08,0.5388361953551692,0.06776098699025765,2.0364116435549106e-05,0.3933820983832484
2024-01-04,2.7736005378524284,0.8410755462880907,0.0011477112070884174,1.2933423372172926e-08,3.4770578959991755e-07,0.1485517001499159,0.009224681715692006
2024-01-05,2.779029611403051,0.0005190515752103802,7.004434264954486e-05,0.01460670545940597,3.646426855500318e-07,0.9847922531068349,1.1580873213617043e-05
2024-01-08,2.837195604205865,2.7190980591183345e-08,3.19659804427679e-08,0.003423748056895096,0.9965756757161084,4.854249852647024e-07,3.164505014959456e-08
2024-01-09,2.8761572677450884,9.431028318704786e-05,0.014648674714064891,2.3065670441669815e-06,0.9852547068815832,2.6139998361300163e-12,1.5515064918026092e-09
2024-01-10,2.9564206077683814,3.512322830961243e-10,1.691867599407172e-07,0.0030150026726992693,0.25194323421386144,0.7450415919603344,1.6151127354105993e-09
2024-01-11,2.9510409752407356,0.004142061307528607,0.04004531958745336,0.955290626862997,6.180793556352852e-05,0.0004509605769819369,9.223729475513235e-06
2024-01-12,2.9580325425778975,3.9357026318688624e-08,0.009196417872429264,0.9907921022271813,4.2023517706167664e-07,4.904635178925901e-13,1.1020307695486338e-05
2024-01-16,2.924351548984418,0.04671988784663343,0.002670858978019912,0.1596985213430714,2.7681093586942515e-09,0.7587593734191306,0.03215135564503529
2024-01-17,2.9108709888341298,0.9927995482713936,0.0028327353142130448,0.002320151317042333,3.803606429752842e-06,0.0020417666048389202,1.994886082398731e-06
2024-01-18,2.939493498793546,2.196946126757131e-12,1.3225599577361988e-08,4.094657665939012e-08,1.566403271827097e-07,0.9999997891707575,1.4542251119675444e-11
2024-01-19,2.994517978445334,0.9999793797430242,4.658174917898083e-09,5.571780363751934e-10,6.22028457677109e-08,2.0552835873944156e-05,2.9029520574917767e-12
2024-01-22,3.005463433977892,0.8962687787450909,7.351733423019454e-05,1.2534463908940709e-09,0.07214445853628287,0.031470727896509565,4.2516234440102345e-05
2024-01-23,3.018525396980618,0.09300874699204634,0.38618072352671595,0.00416699282605921,2.5175419863417865e-07,0.5166197888832826,2.3496017697304705e-05
2024-01-24,3.0487577714621095,1.1387424683929469e-07,0.9981595081423681,0.0015356817043718858,1.3947599111285528e-06,0.00030330117223352726,3.468685548314298e-10
2024-01-25,3.098993843827724,2.5307575169509355e-09,0.9419479787548415,0.006413132287353771,3.351933387710558e-05,0.051602051703319364,3.3153898506443484e-06
2024-01-26,3.1244432783185943,9.204445763913907e-09,0.019886796219352635,3.2647627415309778e-06,0.41565743117821913,0.5644522586764764,2.399587644633479e-07
2024-01-29,3.1507621696849872,1.6664596426152898e-16,0.9999964340798437,3.551823943779125e-06,1.102529482265652e-09,1.0007683395712208e-15,1.2993681692089713e-08
2024-01-30,3.11737743620985,9.236735567583433e-10,1.0358018971812551e-17,8.40507265847846e-11,0.9791918385809649,0.003710871687019929,0.01709728872429082
2024-01-31,3.0263423099226543,0.08548114578751313,0.0011571222903444338,0.908593688041157,1.8922362577040013e-08,4.4990932925369897e-08,0.004767979967690055
2024-02-01,3.088255407715266,3.9727760160155523e-47,4.6638836594545e-50,3.99534423997159e-36,5.18504767179671e-27,1.0,1.9693664017014976e-44
2024-02-02,3.4935532070399096,0.16788427603039466,1.2043626817529543e-07,1.4416885437094465e-10,0.021951408030569747,0.8101641505980302,4.476056823709719e-08
2024-02-05,3.3959833935262385,3.2605779445315013e-22,2.1704507030832007e-22,1.7355095394471262e-26,5.105839257345199e-16,0.9999999999999996,1.1581435067104483e-21
2024-02-06,3.3913524273203604,0.05499493104063048,0.0003010117334131876,9.787970061668957e-09,2.0493726716404344e-09,0.9446716586176868,3.238677092681044e-05
2024-02-07,3.4815364073718804,2.339111984756544e-08,0.00018330171485439527,0.7516009800570752,1.780835164201392e-05,0.24819719981205007,6.866732584939996e-07
2024-02-08,3.4754577604140007,1.2436812767291122e-07,0.05202308857408644,2.5627972480195513e-05,0.0005654889361401558,0.947385668500198,1.648967527882543e-09
2024-02-09,3.534930401783544,5.94388989119955e-07,0.9645809328540628,1.3792779817709882e-06,0.029444948127323043,0.005797670919734055,0.00017447443190936725
2024-02-12,3.5195437606969238,0.0022280464477313668,2.9075872470649426e-09,4.116850143807896e-06,4.6838733098944705e-12,0.004294641152767524,0.9934731926370861
2024-02-13,3.445255223528849,3.213217717292855e-10,0.025472175303700825,1.2847943090484265e-06,1.0187442521341854e-06,0.9745227652734578,2.755562958492286e-06
2024-02-14,3.5186251879246413,1.4121218978704777e-07,5.839000022399259e-11,3.908029145254471e-12,7.951426283344726e-06,0.9999915535754327,3.5372379605605084e-07
2024-02-15,3.483201834675001,2.2827535828739786e-11,6.289049872504288e-17,0.010336815947464596,0.9896628163730404,1.4960864868636453e-09,3.66160580857925e-07
2024-02-16,3.442871671326614,0.2509705622725197,0.44867485226083387,3.28910252918016e-05,0.0009123156573665096,6.578686874088235e-06,0.299402800097114
2024-02-20,3.417225775966611,0.1591914807654101,5.916349589789693e-05,0.8033917045538209,0.004890906309446385,6.082868495297416e-12,0.03246674486934192
2024-02-21,3.4171512695049624,1.667446518450701e-12,4.42219393938667e-09,1.640778594058999e-13,0.8150436090919916,0.18495638648333862,6.443095992358388e-13
2024-02-22,3.537746157494205,2.6050240632008817e-11,0.32929416752120405,4.6372342608137e-09,6.48424024864883e-06,0.670699340898826,2.6764368555735146e-09
2024-02-23,3.526424678726192,5.566707746627331e-05,3.357445603458923e-21,0.651946859826194,0.3321651458680954,0.0021881687218298193,0.013644158506414287
2024-02-26,3.4620255704260394,0.9999999663705073,7.334710907602628e-09,3.095702301434708e-11,7.190811337983387e-12,2.057818119309911e-10,2.6050852190669868e-08
2024-02-27,3.463945905167609,2.776928476446793e-05,3.788049768864898e-06,0.9999640169831711,9.738008004993432e-10,1.0725464113998644e-10,4.424601240206348e-06
2024-02-28,3.4276087150000287,1.930851212715646e-06,0.00539179277040321,0.6448963337641713,0.08214541452209573,0.267563616702093,9.113900239959524e-07
2024-02-29,3.506254679496193,1.1186404649236654e-10,6.486957819844965e-07,1.9369529283218214e-08,0.0002753712151744717,0.999723955493338,5.114312134677075e-09
2024-03-01,3.6089304037712155,3.691840830873768e-12,1.1567540106449149e-15,0.3763912120361064,0.6086696897826729,0.01493875717839801,3.40999129730691e-07
2024-03-04,3.583801365203298,1.1852968304714286e-09,7.466371694590754e-08,3.239017460214711e-08,0.0004999166321747494,3.999470788838656e-07,0.999499575181558
2024-03-05,3.563651896478282,0.001117394519088052,0.7270065947679253,0.002444490390559747,2.3332019557929428e-08,0.02207336636701341,0.24735813062339387
2024-03-06,3.5754051896064767,7.676514673873391e-12,0.010842101416890819,9.10862937939297e-08,1.9880030247779633e-08,0.9891574065750799,3.8103402865250057e-07
2024-03-07,3.649068708514548,1.6523480484732881e-07,4.522603972799302e-09,3.0174817870023766e-07,1.3060766002880031e-05,0.9999864650156703,2.7127392226815034e-09
2024-03-08,3.7164179576673915,3.929156895394594e-06,0.9999960708164324,2.392158442353418e-16,7.292549495027562e-15,1.8158225329930325e-18,2.6664606778152514e-11
2024-03-11,3.7383932893476786,0.2949049862852462,0.003997533778770034,0.06214741349151423,0.6389476466382634,1.112219868082221e-06,1.3075863379281189e-06
2024-03-12,3.7828075419553584,4.717923103392907e-09,2.398160199750129e-06,0.9999863026003134,1.1174918687918294e-05,1.165838266189466e-13,1.1960275923806077e-07
2024-03-13,3.8029153398897324,2.6799718791887123e-08,0.9998258606496637,2.899406808507369e-09,0.00017410938797129448,2.998756070699216e-11,2.3325192588016157e-10
2024-03-14,3.834392914562068,0.8711002676504646,0.005769503221474713,4.491733734635922e-08,3.1801085652159264e-06,6.822607389477875e-18,0.12312700410215828
2024-03-15,3.790357632475598,7.692896462554211e-07,0.9532805383813265,2.1869204482259205e-08,5.065675206769235e-12,0.04671866986570599,5.890510796868333e-10
2024-03-18,3.834325538310682,2.4476964419790096e-07,0.999999755159702,6.188719377295518e-11,8.553494257643481e-12,5.788779573123965e-19,2.1321062056585356e-13
2024-03-19,3.900545480491468,0.9384419499417025,4.4715418336701985e-20,0.04738523735414719,0.014171999220090891,2.9539559577921e-07,5.180884637069293e-07
2024-03-20,3.936694911420319,3.928172778330617e-16,1.5131074243739491e-09,0.00041726864290196527,2.3700112878231307e-06,0.9995803411597606,1.867294190356503e-08
2024-03-21,3.8784992547246073,0.00024431682133472664,0.995096635662403,0.004638247472094677,1.975138095362251e-05,9.685351993087221e-07,8.012801455956849e-08
2024-03-22,3.9343222898381622,2.733713497922777e-17,0.9999936797406371,4.306895640710671e-12,1.9475798940894563e-06,4.225966903372791e-06,1.467082584009517e-07
2024-03-25,3.8822194017509197,0.5790803929404854,4.447790436889244e-06,0.13464638471602064,0.0020479666527470045,0.019182385532074468,0.26503842236823555
2024-03-26,3.8661125758859276,0.003434812292723249,0.08209622604777327,0.004496123021482641,0.792218908787821,0.0003161635462007665,0.11743776630399903
2024-03-27,3.8840123419260704,4.455130760120419e-09,1.7656099321722385e-06,2.62161970181122e-07,0.9999972308789482,4.474403342223931e-15,7.368940142566269e-07
2024-03-28,3.865961554690477,1.405379722063761e-14,0.9999999985440386,1.623659663198897e-10,4.571316954578525e-11,1.2319754981518156e-09,1.5892809505506912e-11
2024-04-01,3.9480794995850452,1.8066218820194855e-08,0.7883341730708253,5.108149630354766e-07,0.21166360978137574,5.887844679186745e-07,1.099482149002011e-06
2024-04-02,3.9572588340382078,1.0932068932062536e-10,0.9657657016273558,4.464621263010672e-12,1.549446138624267e-11,0.03423429819364069,4.9723855993379686e-11
2024-04-03,4.015671776091992,0.005174147950349106,6.559637826559397e-17,1.0548670344022272e-07,6.072998734989599e-05,0.9947086115451262,5.640503047128176e-05
2024-04-04,3.997951581736071,4.247678080564936e-12,4.965006116712684e-12,1.2454209577032737e-13,1.6076445757929586e-10,0.9999999998290534,8.447744246049346e-13
2024-04-05,4.124070515182682,2.043904396549481e-09,0.09627272873113553,4.711160467686926e-06,0.8699349545823534,0.033735565634780376,5.20378473585885e-05
2024-04-08,4.149137292226462,0.9972858147940996,0.002714080378439502,1.6516933433827763e-11,7.689030832941679e-15,1.7755434755803962e-12,1.0480916086826672e-07
2024-04-09,4.15381108283024,0.9999999807821273,5.684052670651307e-10,5.00081200402317e-13,1.1751038446141206e-08,6.891529955696977e-09,6.399183000173065e-12
2024-04-10,4.092871548681398,0.9996669034308171,5.520965242382094e-06,5.248502867354334e-07,0.0003270436853346432,2.1439968883721755e-13,7.068104614800959e-09
2024-04-11,4.168757024228749,0.31984870836258905,0.0025606171979501266,5.016628525469077e-05,0.017904173135641972,5.753723058936632e-06,0.6596305812955053
2024-04-12,4.168406265700373,0.005718336643268616,2.3815195824505755e-05,8.491175540067962e-07,1.2205501946835536e-07,4.077038248575923e-10,0.9942568765806294
2024-04-15,4.083490365605225,2.651490012677734e-06,4.5456964181916865e-10,0.004566000681541831,3.386023473006726e-08,0.9944559468294085,0.000975366684232533
2024-04-16,4.096530589023251,7.169842248540554e-12,1.7260324253699944e-06,0.9984839522090262,2.8766738472300643e-06,2.2151450728474804e-07,0.0015112235630241942
2024-04-17,4.085272081130256,3.9857286037965045e-22,7.871149068943617e-14,1.220717296826621e-22,5.399411769100961e-21,0.9999999999999214,2.620801037862182e-18
2024-04-18,4.0630939972895765,2.7893174123395443e-05,0.006195184676736181,1.74871938036371e-08,0.000181246165872294,3.105372955738476e-13,0.9935956584957638
2024-04-19,3.972457984707777,0.9999997461875889,4.1080993599681126e-09,5.7004731694989624e-08,3.308268787445048e-16,1.9269938995161516e-07,1.8986518528609348e-13
2024-04-22,3.9800562271963935,1.036016979132187e-06,1.0675209953638497e-05,0.9999802952375422,3.755259821846704e-09,8.779563948545098e-10,7.988902308757654e-06
2024-04-23,4.053884697207094,0.001808921890122627,3.3561774349131763e-06,4.490206687833986e-05,1.450537520002251e-10,0.9981428086792266,1.1041283725399203e-08
2024-04-24,4.099162241060228,0.9919138799333974,2.0239275167215204e-08,9.090923899621346e-05,1.4483844664712468e-11,9.243045322808777e-15,0.007995190573838197
2024-04-25,4.232599988017668,6.48414126789173e-08,0.9954243390632397,5.488804125589486e-09,0.0045755867027725905,1.4948087417019244e-14,3.903755865123903e-09
2024-04-26,4.255776124856248,1.898093586549408e-10,1.5513812457103384e-15,1.4244210724594073e-17,0.9999999998098916,4.1675806960409456e-33,2.976397470156949e-13
2024-04-29,4.330293960693213,0.00012294612858103503,2.8867853446091505e-16,1.0880116686981752e-16,0.9291549030357342,0.07071540833910893,6.742496575395545e-06
2024-04-30,4.244938359833625,1.582542426665097e-16,0.999999838910226,1.3453448680924446e-10,1.9611662782490685e-18,1.609552388403745e-07,4.165148087480301e-16
2024-05-01,4.251546053962378,0.3569969486653524,0.6176874038800347,1.3476194303087384e-06,1.8250495706381001e-06,0.025310269505146903,2.205280464902805e-06
2024-05-02,4.316182377096773,1.3997423554801273e-07,0.00013388124843532876,0.06492782981607731,0.06032808476907421,0.8746100253952435,3.879693404399509e-08
2024-05-03,4.506524153587565,2.7604616327634215e-12,3.4729989492663873e-22,6.630043163899983e-21,1.250060354088445e-17,0.9999999999972395,2.1349557309802668e-20
2024-05-06,4.54222328576081,0.001142715805772402,0.0013000957267791104,2.9315240745663398e-05,5.4112242011615745e-11,0.9975278393339336,3.383865678502194e-08
2024-05-07,4.535803193302548,0.033620553842222844,2.6217581132289666e-05,0.6884505656768238,9.834421100750512e-12,0.2778833375231278,1.9325366858831157e-05
2024-05-08,4.504941928630076,0.006686056022266443,0.3218812694014608,7.269777579970079e-06,0.1718397672841712,0.49845788880955993,0.00112774870496165
2024-05-09,4.512668698616919,0.0013019694423874275,2.1022317106025394e-05,0.6846067209369909,7.52279746597652e-07,0.31388304030357433,0.00018649472019466808
2024-05-10,4.489398051737336,0.37452040942467274,0.45351043408456454,0.13130024567229798,0.0005560055155014708,0.003534185885025363,0.03657871941793778
2024-05-13,4.518595841539801,0.9999977167939057,9.294872217109105e-09,2.16958919866595e-06,3.1064840423708084e-08,5.229617868268503e-08,2.096100411854772e-08
2024-05-14,4.544086444806527,3.7215995465979044e-06,0.4387910453967382,0.007470194729468455,2.1379360962934935e-06,0.5537095915470485,2.3308791101955155e-05
2024-05-15,4.6331686304934525,6.693121946682888e-05,0.9977404973093148,0.0018478187467759713,1.0374964507118825e-10,0.0001814133494464533,0.0001633392712461562
2024-05-16,4.6879347222979835,2.4046376192199906e-05,0.999971295214935,3.016173799752117e-10,2.252534852794655e-07,1.0848600768784942e-12,4.432852685143662e-06
2024-05-17,4.721788472540807,0.07452991869472891,0.8840868970108242,0.0007779508314881131,0.04028040016303056,2.329303041974508e-08,0.00032481000689792605
2024-05-20,4.763463172470758,2.6120338338967815e-10,0.000510286142590326,0.9994895889276261,4.814811555359806e-08,1.7162361774559642e-10,7.634884114448526e-08
2024-05-21,4.804484345486509,3.7160654592136345e-05,0.0008178435972629349,0.9989042163844184,3.432007031048732e-05,5.280606814745654e-07,0.0002059312327345484
2024-05-22,4.8195672414485005,1.4862794252153754e-14,1.297025385726532e-05,2.0861406455179658e-07,5.445955752046579e-07,0.9979324456428366,0.0020538308936515525
2024-05-23,4.761086970550091,0.0026769368418260837,1.12286752209432e-07,5.5806578587411645e-05,8.716814962159326e-10,0.9972650412857328,2.102135419956226e-06
2024-05-24,4.769917776846804,0.0013295838212698354,0.9470805234540413,0.009272094159261824,0.001637428348672107,0.001320638519133497,0.0393597316976216
2024-05-28,4.782319035283751,1.8244326910240508e-07,0.868679509670298,0.13085731957856783,1.419953406504543e-05,7.122170779367824e-09,0.0004487816516290755
2024-05-29,4.775664586999319,0.9023928259369359,0.0006020910430275093,4.3910836008886656e-16,0.0006155122282716943,5.201096764267664e-08,0.09638951878079671
2024-05-30,4.767243202164289,0.9962239204970803,8.240426893562162e-05,0.0004908102554659094,3.2508342214988072e-09,0.0014579039719326442,0.0017449577557511636
2024-05-31,4.739392494597207,0.5595755433080768,7.467803166229268e-07,1.3510534136185687e-09,0.0005786724604059519,0.4397702582038567,7.47778962906303e-05
2024-06-03,4.780647739887389,0.026757598709361178,0.06071735722012446,0.0001742640172431206,2.556448758962533e-07,0.9123020722484954,4.845215989992286e-05
2024-06-04,4.786053486747087,5.175685607033045e-12,6.003246797299459e-12,2.2257858134493467e-10,6.765927056037476e-08,0.9999999321068938,7.809425261722059e-14
2024-06-05,4.784788093177759,5.301736193193353e-12,4.768481662396703e-06,2.8175333345528853e-09,0.9999952272112435,4.776983226475289e-12,1.4794820607648472e-09
2024-06-06,4.816968232547578,0.00024025756322856287,3.2614362919711574e-06,0.7951244788940944,0.20456900682007484,2.7963471781881883e-06,6.019893913217499e-05
2024-06-07,4.844412023248576,0.9999999999999856,1.1036249334180234e-21,7.492894990828725e-21,1.4407504498754366e-14,6.142772932060972e-19,4.383056423766622e-21
2024-06-10,4.805572402411073,0.9999999999999976,4.524978557135709e-17,6.809001982997998e-20,2.4928223797766572e-21,2.336210131457928e-15,1.7486767502599587e-20
2024-06-11,4.992618192407331,0.9329034530257933,7.992696572193009e-07,0.06709553752950102,2.0933883532741363e-07,4.773062782065688e-13,8.357361219744446e-10
2024-06-12,5.023431875647871,1.367254159853479e-08,9.413436446560056e-08,0.9995418325176078,1.641734198350445e-07,0.00023402420383018303,0.00022387129823598823
2024-06-13,5.078515095588213,0.03441914895005921,1.7841287769357314e-11,0.9652269347692141,2.0339977447941133e-08,0.00013407156698773675,0.00021982435592039586
2024-06-14,5.067633215105311,0.0027251337724079555,0.012565745467922594,4.444313384544677e-05,9.754490428895494e-06,0.984635721075117,1.9202060277979684e-05
2024-06-17,5.090117221440396,0.0002227397537833021,7.71212862739309e-05,0.7350577518391789,0.0002156497676312635,0.0033341336202940487,0.26109260373283855
2024-06-18,5.016994188564668,2.9101153673677503e-08,0.02142662791598052,1.1602922462835152e-05,0.9243907180831666,0.05372581237331447,0.0004452096039219503
2024-06-20,5.098949752164866,8.98100215147677e-10,0.9865108860176482,0.003987331934586885,0.009300214911216636,2.3317782512350293e-13,0.00020156623821480327
2024-06-21,5.108251887796104,0.9313952765282103,0.002612195994747886,5.912695673620926e-06,0.06590388121506709,5.849577224278073e-05,2.4237794058410163e-05
2024-06-24,5.084264842601826,1.2651065715566352e-07,0.9942434719993608,5.786569032933629e-05,1.7926159169163574e-06,0.005696726249254659,1.693448115661066e-08
2024-06-25,5.1091054133402265,0.3287442532770693,7.542985794338469e-07,3.629805690032749e-05,0.6711978226438959,2.0547267783954484e-05,3.2445577103328823e-07
2024-06-26,5.291950082180735,1.100868359917347e-12,7.453985099587702e-20,4.331992456584685e-18,0.9999999968718627,3.12703648215096e-09,4.3583009619212765e-17
2024-06-27,5.2773754952923415,0.30824098511293924,2.2347412311618914e-10,0.001580970155740012,4.2806316637390315e-06,2.3798024041831962e-09,0.6901737614963804
2024-06-28,5.146650848884356,0.9589645179170585,6.484286253476218e-06,0.004399348291520773,0.03633317539289452,0.0002950634909392825,1.4106213335519763e-06
2024-07-01,5.299054812485851,0.9979914636583251,0.0008120470737884056,3.529945574030023e-06,0.0011928305736187456,1.4451776707760813e-14,1.2874867941044793e-07
2024-07-02,5.337579976980006,1.0129386905268444e-08,2.338875642286682e-09,6.831429009940136e-12,1.3122498750259952e-16,0.9999999875170479,7.858043921426929e-12
2024-07-03,5.330578669853531,5.46892860434138e-13,2.3125105109888274e-17,4.172467225267876e-12,5.635547920543029e-16,0.99999999999528,3.1087341983986677e-18
2024-07-05,5.514347597707045,0.9999994610079689,9.190194146520678e-09,9.935747726815602e-08,1.5725410880501878e-10,4.2669624834086175e-07,3.5908571290150785e-09
2024-07-08,5.530003334643476,0.9705749064191447,0.000807751180800206,8.414753687000032e-06,2.9188581785736248e-05,0.00010703812940824066,0.028472700935173983
2024-07-09,5.538794780792626,3.23262240946184e-05,0.9999553764529675,2.929103634239024e-10,1.2296203314316145e-05,2.0435650010470297e-10,6.223566786673949e-10
2024-07-10,5.575021013866618,1.7552512409683443e-06,1.3157052446572656e-11,0.9994287285807922,1.8900018805205315e-08,2.3435995012416146e-12,0.0005694972524473286
2024-07-11,5.513091974658149,0.9982494576694639,1.6201312841906415e-14,2.9471541924595913e-09,0.0002941734620489892,6.888907583428223e-16,0.0014563659213160899
2024-07-12,5.5363749362027885,0.9999999999989309,9.969891694684677e-13,3.490617843189237e-22,1.6693014054953297e-21,8.400571971457749e-24,7.219581511767533e-14
2024-07-15,5.547313381328076,0.9989718800965249,1.1472579478562489e-08,1.4262466554514664e-08,6.785766167821015e-06,0.001017105323281087,4.203078980207434e-06
2024-07-16,5.515351851292932,0.020745870996271083,0.02224105067172274,0.0001462554235110682,3.948299755445155e-09,2.389163982085609e-24,0.9568668189601953
2024-07-17,5.324851754728553,1.976358655051376e-08,1.4654435660876415e-24,3.151918088929961e-13,2.689528813983834e-15,0.999999728231516,2.520045796520889e-07
2024-07-18,5.281021494301367,8.68372893119855e-09,1.16756209662852e-05,0.00014586979098772047,8.222355202281105e-07,1.0555781474473547e-21,0.9998416236687967
2024-07-19,5.262902600636562,9.834669839191307e-08,4.208002597113701e-05,0.0001721603331139958,1.0393645978001375e-08,0.9997788444756194,6.806424951122658e-06
2024-07-22,5.335540021266865,6.637961307593593e-10,4.006116961226413e-06,1.4152391887848243e-08,0.9999789151224172,1.706369327452637e-05,2.511591589594896e-10
2024-07-23,5.334888832943543,2.309689765275159e-07,9.549013203224483e-12,1.208261661985461e-10,2.190702937869744e-06,0.9997327845908546,0.00026479360685601887
2024-07-24,5.278643653519425,0.07034871585708471,3.6997986525537807e-10,0.0010790188689844338,0.5843998330948298,2.5049877807404973e-13,0.3441724318088707
2024-07-25,5.186700523693015,3.7646433328123634e-10,1.4830660485544332e-08,0.99977109000391,0.00010774513561586623,3.4655220489030905e-06,0.00011768413130011571
2024-07-26,5.244759127423844,6.252666551825116e-07,2.0358647500806188e-07,0.003038997247955817,0.9969590814621898,3.4940868736510705e-08,1.05749585558391e-06
2024-07-29,5.254521448705316,0.00013660194667307167,0.13812817985432582,1.4259776838177102e-05,8.27994083500482e-25,0.8616839141351692,3.7044286993698297e-05
2024-07-30,5.257340038634947,0.04439375998410623,0.9223050488819348,9.280136940574105e-10,7.628975351819789e-06,0.03329348052932403,8.070126943608776e-08
2024-07-31,5.3396793673627965,4.340789982386397e-31,3.8734392544587184e-29,1.6538148666031157e-32,8.472401178250191e-36,1.0,1.5403563189346466e-29
2024-08-01,5.510996291448873,0.0019636248817984873,0.12482083403620191,3.780199954783405e-09,1.0786239988100181e-31,0.8715731135170969,0.0016424237847028204
2024-08-02,5.442780463156893,3.520880186565249e-10,9.366342981419551e-26,1.3716355115189763e-07,2.8138038462707926e-09,5.976631289878389e-07,0.9999992620074281
2024-08-05,5.387162558269384,1.2000427521439918e-06,1.512377355344672e-12,2.446675062041013e-10,2.336238887299716e-21,0.9997564767035464,0.00024232300752174805
2024-08-06,5.316520555704324,0.8087877430045314,5.227090823749219e-06,8.203075961840667e-05,3.476700971619916e-07,7.559233643588903e-09,0.1911246439156957
2024-08-07,5.253625642729334,3.7758062265285275e-16,1.0060872961490978e-11,2.1631671746592535e-10,1.555837008805793e-07,0.9999998441899175,3.726297565016008e-15
2024-08-08,5.372585666271496,0.6514724042943661,0.3475516313148996,2.1971337982531613e-06,0.00095898186646721,1.4618647228185227e-05,1.667432407424359e-07
2024-08-09,5.401018993400591,1.4234650577034313e-05,0.0018415444558362033,1.2390074868614297e-06,0.9981429067843306,2.5400429370207964e-10,7.484776500001653e-08
2024-08-12,5.389424351564955,0.005591914906402202,6.94444283457905e-07,0.0021646617364634324,9.956379184832112e-06,0.9922327612763113,1.1257354678864606e-08
2024-08-13,5.497538553987468,0.4704490305092771,2.5898024087883536e-14,0.0029516593978201637,1.2975082734690247e-07,0.5265886572939833,1.0523048066147187e-05
2024-08-14,5.5077455721104505,0.0013300567288400302,2.100006949706737e-06,0.3256387843862797,0.6730271421934297,6.041202709292646e-07,1.3125642298345658e-06
2024-08-15,5.615730695109365,0.05506992411966254,0.9125564194529363,3.2893420565886295e-06,0.03236929943036298,7.311228833473517e-09,1.0603437528281667e-06
2024-08-16,5.55332653841517,5.438355467543414e-06,0.07716398559757842,0.6254946134142242,0.23914836633775247,0.058157485506158756,3.0110788818539586e-05
2024-08-19,5.6172240437152325,5.874206848600401e-06,0.9999433531296589,5.416930395563916e-09,5.072291027627043e-05,2.4201648972205104e-12,4.433386551409917e-08
2024-08-20,5.58791911887793,0.0017934340457219171,6.12153568713769e-05,0.0016254884005212848,1.6914078805669882e-10,0.9964869115029659,3.2950524778961735e-05
2024-08-21,5.5831212194086355,1.6217676217369972e-07,3.530284886448135e-05,0.9892941166589809,0.002346149831640255,0.0006489493269556024,0.0076753191567967335
2024-08-22,5.540835760167823,0.2869206828619668,0.00012043610687122653,0.020630102632803262,0.00022159121631708703,0.01066192178398696,0.6814452653980546
2024-08-23,5.585245710521913,0.0861310132900837,0.044927448615838465,0.4652532611364236,0.3895250648624376,6.722181048520899e-05,0.01409599028473139
2024-08-26,5.6143886551896935,0.9997919194552605,0.00014524926099197723,7.076921637019633e-07,5.20563484750519e-11,2.7654922282074445e-09,6.212077403526753e-05
2024-08-27,5.651194293949237,0.9981613171012008,2.1855538864313537e-10,0.00013242970363739302,1.3692028982652642e-12,8.978307882784435e-06,0.0016972746673543232
2024-08-28,5.618108737848511,0.9554997906652725,1.911550432082086e-07,2.2567306176316773e-07,0.004654295392437583,0.0010913577511445982,0.03875413936304042
2024-08-29,5.613297586596059,4.0945598227413675e-08,0.0002780375236568383,2.2773166923395327e-05,0.9996983551912504,7.771957035681201e-07,1.5976867646787416e-08
2024-08-30,5.794369803009107,2.1182841995614764e-11,1.2742408843804848e-07,7.941339294124935e-09,0.9999798151158305,2.8828371545145353e-10,2.004920927526975e-05
2024-09-03,5.727071573775092,3.0564091693870745e-07,6.93487920061993e-05,1.5780988537726402e-05,3.590350191375065e-07,0.40303561149277567,0.5968785940507443
2024-09-04,5.675852389168366,0.998311894057333,6.361989927262915e-09,4.825119259186119e-06,0.00012575919273631017,0.0015345045010201016,2.301076766129831e-05
2024-09-05,5.654407188751076,0.0001199143042309503,0.9985656125183818,2.1076496180436865e-07,2.4656617405440484e-08,3.9844854038738224e-11,0.001314237715963178
2024-09-06,5.5530372323953,1.5487780866466518e-07,4.9181760488504376e-12,1.724661757731923e-08,0.9999998241477283,1.8884996775670466e-11,3.7040424307033846e-09
2024-09-09,5.668091394578413,9.575947350771268e-06,6.919545054778774e-07,0.008223343761019259,0.9914291989152634,3.272416751334173e-10,0.00033718909461942883
2024-09-10,5.734178689653181,2.4351332446571756e-14,8.25670559194229e-15,3.5696394067585956e-14,0.9999999999999076,2.395744569171881e-14,2.1324176476134254e-17
2024-09-11,5.884424325869125,2.0366981338061078e-14,7.469496537049308e-08,1.174588917738798e-06,0.7326434436497468,0.267355307066061,2.8882337114651283e-13
2024-09-12,5.994225313914811,5.7714439839110775e-08,0.9999998627156812,3.623607689227933e-12,2.8594594438900807e-09,7.644064989193136e-08,2.661461484336896e-10
2024-09-13,6.05197926826985,1.5668241819563765e-22,4.5205534117705834e-07,3.496324395312386e-12,1.0330653501780319e-13,0.9999995479410183,4.083076029170098e-14
2024-09-16,6.194251685419535,4.2724527992114294e-09,0.07105674663324865,0.0011724169827235014,1.750989657583802e-07,0.9277699172965048,7.397161043332182e-07
2024-09-17,6.217880636976602,6.433498341866114e-07,4.144753985240944e-05,0.007120158289865421,1.3076146383614326e-10,0.9928377290156516,2.167403492949382e-08
2024-09-18,6.220559409357723,3.6481661526502813e-06,2.7208561857837743e-05,0.0007571935197217403,4.441654971898587e-06,0.9992075079186202,1.7867562312410515e-10
2024-09-19,6.398520830776565,3.3163651394075025e-06,0.012578069544020819,7.292805152508316e-11,0.9873850022079719,3.3578090502133304e-05,3.371943793481527e-08
2024-09-20,6.381079578334698,0.031029570714145138,3.129618360870279e-06,0.0011298667755502369,0.9667731239243372,0.00014404778225562102,0.0009202611853508859
2024-09-23,6.378268022015111,2.086649266967878e-06,0.009707100889054597,1.0349648293171943e-10,0.9902617355274999,9.342577531645716e-08,2.8983404906789213e-05
2024-09-24,6.322674999380482,2.5698788441342352e-05,0.09009255551528755,0.871384672183232,0.0007560883709397657,0.03754180350603151,0.00019918163606764884
2024-09-25,6.303049235085814,0.9486072910544013,1.0868150934452845e-06,4.817426259841849e-05,0.0010836838066513323,0.02475647479617673,0.025503289265078773
2024-09-26,6.354204995030255,0.04934853056194408,0.9505160692198367,1.9812465151099568e-06,1.0940658587965958e-07,7.696659722791401e-06,0.00012561290539547576
2024-09-27,6.416102366941896,0.9999337355496066,6.583260439956375e-05,3.4341792553376875e-07,4.1497243929142757e-14,8.377453590602211e-08,4.653490750361845e-09
2024-09-30,6.469564427354255,4.050320715830559e-09,0.9913137001577632,1.510218814569459e-12,1.840581943785402e-09,0.008686198092283806,9.585753997930226e-08
2024-10-01,6.47398402708847,8.488621021062946e-05,0.994741348369294,0.0013393486346535818,0.0001221436368666251,0.00028637464228714924,0.0034258985066880562
2024-10-02,6.4072411701827185,4.569101523668828e-09,0.0001337714525380511,9.538515829602041e-08,2.857458471819203e-11,0.9998594398813111,6.6886833164855735e-06
2024-10-03,6.296954539953906,0.8752160136178407,0.0005531234354693171,0.0008287573695558755,0.1228144163290178,3.995926975344698e-05,0.0005477299783630669
2024-10-04,6.312637235120407,1.1857491183229019e-05,0.9374113572633201,2.445210456660439e-07,9.082731374146908e-08,0.005021230437377015,0.05755521945976033
2024-10-07,6.208817494348759,0.9468975160781447,8.570360749277334e-12,0.053090842573709336,9.869553030413756e-08,1.1446122843239759e-09,1.1541499433255515e-05
2024-10-08,6.299777541740495,0.02330518847749992,4.1426058523080965e-14,0.9148115900450582,0.06181616500439679,6.0820808707142326e-05,6.235664296590246e-06
2024-10-09,6.372086113159177,0.040171172936353056,8.550164038242012e-07,7.120984606047852e-08,0.9598279002600575,2.312142408373221e-14,5.773167184307871e-10
2024-10-10,6.351870251942533,7.312953517168144e-08,0.31188898001265647,1.605128413568309e-06,0.6041489321934459,0.0839538572040442,6.552331904820621e-06
2024-10-11,6.433304438231973,2.003480454904963e-06,0.2783561852910491,0.005791004443735687,0.7049551095815447,0.010820960884106154,7.473631910928367e-05
2024-10-14,6.525214437201487,0.4790435866386577,0.5201275778753746,0.0003163645722084054,4.014072645331662e-06,8.324547089111337e-06,0.0005001322940247748
2024-10-15,6.569616477502288,0.8495303129264486,1.152642841817436e-07,0.15034483245079647,2.891730572654941e-08,1.622293677209846e-11,0.00012471042494220817
2024-10-16,6.498591833027177,2.1904679460278094e-08,0.32139373760185636,3.633834176117211e-10,0.022629503235693883,0.3737954472814333,0.2821812896129535
2024-10-17,6.532089330753866,0.8859517873652171,3.549962447152832e-12,0.11339108362125397,0.0006563325219033995,2.5373457858906948e-08,7.711146178439431e-07
2024-10-18,6.590794636519568,0.0001468382028614415,1.2508239850175012e-09,0.9998531441866013,1.6190195826573545e-08,1.0461760194054177e-11,1.590557623186395e-10
2024-10-21,6.547174710421693,1.2064083212322358e-15,0.22532685782060843,0.24006757858754435,0.0002226269228397208,0.534381751792504,1.1848765022816208e-06
2024-10-22,6.567144300479106,0.7178383360299335,0.07717437176052562,0.18786551825612083,9.819952179719279e-08,0.0004613194538574876,0.016660356300040802
2024-10-23,6.519254828126048,9.780672297255782e-09,0.08269777504263438,0.9086041546154471,0.005077116434142588,4.2600729045527987e-05,0.0035783433980579927
2024-10-24,6.552911374582086,2.8224790469533044e-09,0.0031502838190376097,7.00308921200678e-05,0.00020441239510300994,0.9965739368707169,1.3332005435319208e-06
2024-10-25,6.604251257272194,0.8934623352268227,0.010733916242043043,0.04027703663166401,0.006308252853790206,0.049169297002071434,4.9162043608612416e-05
2024-10-28,6.644937236220419,0.0001914783816332594,0.9880432493964636,0.003786333221604805,2.7590475985358075e-06,0.007976111934992536,6.801770723661494e-08
2024-10-29,6.6073059695088805,0.994242918657704,1.1015036425320692e-05,1.3406494391454879e-06,0.004252318534558553,4.581547055792749e-07,0.001491948967167239
